Order Type,Order Count,Total Value GBP,Total UK Duty,Total UK VAT
EU Order,71,6776.794800000001,0.0,1355.3589600000003
UK Order,23,1974.1644000000001,0.0,394.83288000000005
